{
  "accuracy": 1.0,
  "cv_mean": 1.0,
  "cv_std": 0.0,
  "classification_report": {
    "normal": {
      "precision": 1.0,
      "recall": 1.0,
      "f1-score": 1.0,
      "support": 5.0
    },
    "diabetic_retinopathy": {
      "precision": 1.0,
      "recall": 1.0,
      "f1-score": 1.0,
      "support": 5.0
    },
    "hypertensive_retinopathy": {
      "precision": 1.0,
      "recall": 1.0,
      "f1-score": 1.0,
      "support": 5.0
    },
    "age_macular_degeneration": {
      "precision": 1.0,
      "recall": 1.0,
      "f1-score": 1.0,
      "support": 5.0
    },
    "accuracy": 1.0,
    "macro avg": {
      "precision": 1.0,
      "recall": 1.0,
      "f1-score": 1.0,
      "support": 20.0
    },
    "weighted avg": {
      "precision": 1.0,
      "recall": 1.0,
      "f1-score": 1.0,
      "support": 20.0
    }
  },
  "confusion_matrix": [
    [
      5,
      0,
      0,
      0
    ],
    [
      0,
      5,
      0,
      0
    ],
    [
      0,
      0,
      5,
      0
    ],
    [
      0,
      0,
      0,
      5
    ]
  ],
  "predictions": [
    2,
    0,
    2,
    1,
    0,
    3,
    1,
    1,
    3,
    0,
    2,
    0,
    3,
    2,
    3,
    1,
    3,
    0,
    1,
    2
  ],
  "probabilities": [
    [
      0.00010327717948347594,
      0.023029681495663985,
      0.9752468211295349,
      0.0016202201953176127
    ],
    [
      0.9806441934409633,
      0.0009063928443800833,
      0.0019095303625856516,
      0.016539883352070957
    ],
    [
      0.0015580062533848884,
      0.011662215855518465,
      0.985254137388625,
      0.001525640502471625
    ],
    [
      0.001026850426440731,
      0.9790749301156392,
      0.018605489607713507,
      0.0012927298502065007
    ],
    [
      0.9877722776627533,
      0.0009834678770270283,
      0.004978931088312891,
      0.006265323371906631
    ],
    [
      0.0038015827263416443,
      0.0006879058425555404,
      0.003709510723001063,
      0.9918010007081016
    ],
    [
      0.00013127705006504947,
      0.9946058552974251,
      0.0050205577269612,
      0.00024230992554857586
    ],
    [
      8.356905903413268e-05,
      0.9916750448408512,
      0.008049359039785575,
      0.0001920270603290703
    ],
    [
      0.006985675174887849,
      0.002214312674021352,
      0.0018051402281319474,
      0.9889948719229589
    ],
    [
      0.9775603798769766,
      0.0004918523006534877,
      0.0020015130263327644,
      0.019946254796037125
    ],
    [
      0.004497639296505724,
      0.006571076225137798,
      0.9863966387835825,
      0.0025346456947739487
    ],
    [
      0.9931162687100945,
      0.00023674816967511289,
      0.002909429275027395,
      0.00373755384520299
    ],
    [
      0.04990881949712715,
      0.0009380452974868453,
      0.005161811894631654,
      0.9439913233107543
    ],
    [
      0.0008119984121067171,
      0.010405147556892017,
      0.9854868209596741,
      0.0032960330713271684
    ],
    [
      0.021748132118233458,
      0.0013861947523478124,
      0.006446306746307237,
      0.9704193663831114
    ],
    [
      0.014568340906726084,
      0.8883816769206647,
      0.09220123509557264,
      0.004848747077036608
    ],
    [
      0.01808314213471813,
      0.0012020867443266574,
      0.003470905569902653,
      0.9772438655510527
    ],
    [
      0.9900300720938564,
      0.0018598660707121516,
      0.00231962294852953,
      0.005790438886901942
    ],
    [
      0.00018924118183866447,
      0.9980648611255571,
      0.0015875972126040989,
      0.00015830048000016833
    ],
    [
      0.0019368673142737436,
      0.010279383257407144,
      0.9865647880803876,
      0.0012189613479313532
    ]
  ]
}