{
  "accuracy": 1.0,
  "cv_mean": 1.0,
  "cv_std": 0.0,
  "classification_report": {
    "normal": {
      "precision": 1.0,
      "recall": 1.0,
      "f1-score": 1.0,
      "support": 5.0
    },
    "diabetic_retinopathy": {
      "precision": 1.0,
      "recall": 1.0,
      "f1-score": 1.0,
      "support": 5.0
    },
    "hypertensive_retinopathy": {
      "precision": 1.0,
      "recall": 1.0,
      "f1-score": 1.0,
      "support": 5.0
    },
    "age_macular_degeneration": {
      "precision": 1.0,
      "recall": 1.0,
      "f1-score": 1.0,
      "support": 5.0
    },
    "accuracy": 1.0,
    "macro avg": {
      "precision": 1.0,
      "recall": 1.0,
      "f1-score": 1.0,
      "support": 20.0
    },
    "weighted avg": {
      "precision": 1.0,
      "recall": 1.0,
      "f1-score": 1.0,
      "support": 20.0
    }
  },
  "confusion_matrix": [
    [
      5,
      0,
      0,
      0
    ],
    [
      0,
      5,
      0,
      0
    ],
    [
      0,
      0,
      5,
      0
    ],
    [
      0,
      0,
      0,
      5
    ]
  ],
  "predictions": [
    2,
    0,
    2,
    1,
    0,
    3,
    1,
    1,
    3,
    0,
    2,
    0,
    3,
    2,
    3,
    1,
    3,
    0,
    1,
    2
  ],
  "probabilities": [
    [
      0.028133577464025516,
      0.051908931589896866,
      0.8858760611250124,
      0.034081429821065386
    ],
    [
      0.8962727915947218,
      0.02306185917336245,
      0.0287198605622516,
      0.051945488669664114
    ],
    [
      0.028307664159059536,
      0.04248113446960705,
      0.8969399292102759,
      0.03227127216105783
    ],
    [
      0.02220339082541427,
      0.9169508815036935,
      0.036738968381276244,
      0.024106759289615847
    ],
    [
      0.9127183230260372,
      0.018988461290167062,
      0.027178261476388205,
      0.04111495420740735
    ],
    [
      0.035369025434923734,
      0.019206945673681607,
      0.028203975925069166,
      0.9172200529663257
    ],
    [
      0.0223098276067334,
      0.9252286837568783,
      0.02746837511499194,
      0.024993113521396097
    ],
    [
      0.038594009642543024,
      0.8444210859280536,
      0.07305886987769834,
      0.04392603455170503
    ],
    [
      0.038567090276463004,
      0.01917047554308716,
      0.023392533462052327,
      0.9188699007183976
    ],
    [
      0.8883328796051944,
      0.022952081353728632,
      0.028703772459962005,
      0.06001126658111484
    ],
    [
      0.030654084712654864,
      0.026289471825315814,
      0.9121220329875538,
      0.03093441047447552
    ],
    [
      0.8600541762041123,
      0.0319417783840447,
      0.043043602738858905,
      0.06496044267298404
    ],
    [
      0.06486829080534635,
      0.01810267026800591,
      0.02408192035421951,
      0.8929471185724283
    ],
    [
      0.032920189309075254,
      0.050310828698460916,
      0.8748167234564198,
      0.04195225853604361
    ],
    [
      0.042979023102246224,
      0.01591773550636833,
      0.02342759357660347,
      0.9176756478147818
    ],
    [
      0.03886577764840238,
      0.7676354184901287,
      0.15378691798794775,
      0.039711885873521056
    ],
    [
      0.037362233363840286,
      0.013644223921078934,
      0.017920714927488198,
      0.9310728277875926
    ],
    [
      0.9185172298376246,
      0.018346338166128955,
      0.025096856980515378,
      0.038039575015731124
    ],
    [
      0.019876672019072637,
      0.9412338970813084,
      0.017019745425809675,
      0.021869685473809155
    ],
    [
      0.01824861719779478,
      0.02338423647441249,
      0.9400546289351231,
      0.018312517392669626
    ]
  ]
}